{"cameraMode":{"drawMode":0,"name":"Shaded","section":"Shading Mode"},"sceneLighting":false,"audioPlay":false,"sceneViewState":{"showFog":true,"showMaterialUpdate":false,"showSkybox":false,"showFlares":true,"showImageEffects":true,"showParticleSystems":true},"in2DMode":false,"pivot":{"x":-0.060953617095947269,"y":-0.06509566307067871,"z":-0.06981965154409409},"rotation":{"x":0.13919375836849214,"y":-0.7033636569976807,"z":0.1435585916042328,"w":0.6821755170822144},"size":2.7581045627593996,"orthographic":false}